"Date","Price","Open","High","Low","Vol.","Change %"
"12/30/2024","323.10","320.10","325.50","320.10","120.08K","0.19%"
"12/29/2024","322.50","322.50","324.00","319.00","165.47K","0.00%"
"12/26/2024","322.50","323.90","323.90","321.50","52.46K","0.00%"
"12/24/2024","322.50","324.20","324.20","322.10","63.71K","-0.31%"
"12/23/2024","323.50","325.60","326.00","323.00","66.63K","-0.52%"
"12/22/2024","325.20","325.80","326.30","324.00","188.73K","-0.06%"
"12/19/2024","325.40","324.50","326.00","319.40","317.23K","0.37%"
"12/18/2024","324.20","320.00","326.20","318.80","362.95K","1.31%"
"12/17/2024","320.00","315.00","320.60","314.70","124.86K","1.81%"
"12/15/2024","314.30","315.10","315.70","313.10","184.14K","-0.10%"
"12/12/2024","314.60","312.50","315.50","312.50","38.70K","0.35%"
"12/11/2024","313.50","318.00","318.00","313.00","101.84K","-0.89%"
"12/10/2024","316.30","319.90","320.50","315.70","108.16K","-0.50%"
"12/09/2024","317.90","318.20","321.30","317.10","76.57K","-0.09%"
"12/08/2024","318.20","319.60","319.60","316.00","102.04K","0.19%"
"12/05/2024","317.60","320.20","320.50","317.10","109.12K","-0.90%"
"12/04/2024","320.50","324.50","326.40","319.00","220.52K","-1.02%"
"12/03/2024","323.80","319.20","325.10","318.10","360.26K","1.44%"
"12/02/2024","319.20","318.90","320.00","317.50","163.22K","0.44%"
"12/01/2024","317.80","318.50","319.20","316.70","128.83K","-0.59%"
"11/28/2024","319.70","322.90","322.90","318.70","186.19K","-0.44%"
"11/27/2024","321.10","320.00","324.50","316.10","413.98K","0.72%"
"11/26/2024","318.80","315.30","320.10","315.30","107.28K","1.14%"
"11/25/2024","315.20","317.00","318.80","314.10","97.67K","-0.82%"
"11/24/2024","317.80","316.10","319.00","316.00","75.53K","-0.13%"
"11/21/2024","318.20","322.90","322.90","317.10","94.21K","-1.46%"
"11/20/2024","322.90","321.20","324.60","317.00","229.40K","0.78%"
"11/19/2024","320.40","318.80","324.80","313.00","285.52K","0.50%"
"11/18/2024","318.80","320.50","323.00","317.30","130.03K","-0.59%"
"11/17/2024","320.70","327.00","327.80","320.10","254.04K","-1.63%"
"11/14/2024","326.00","326.50","330.10","323.20","251.26K","0.15%"
"11/13/2024","325.50","329.30","329.30","324.20","149.81K","-1.00%"
"11/12/2024","328.80","325.70","333.00","324.00","436.59K","0.98%"
"11/11/2024","325.60","319.00","327.40","318.80","350.21K","2.29%"
"11/10/2024","318.30","324.00","324.00","317.00","154.40K","-0.87%"
"11/07/2024","321.10","320.00","325.00","313.00","433.22K","1.71%"
"11/06/2024","315.70","316.10","318.70","311.50","427.10K","-0.13%"
"11/05/2024","316.10","316.60","319.50","312.60","324.12K","0.41%"
"11/04/2024","314.80","310.00","316.80","308.20","208.72K","1.42%"
"11/03/2024","310.40","315.00","316.90","310.00","178.07K","-1.21%"
"10/31/2024","314.20","319.00","319.00","312.50","274.25K","-1.04%"
"10/30/2024","317.50","314.80","319.90","312.50","254.40K","2.02%"
"10/29/2024","311.20","305.00","313.60","301.60","300.43K","2.17%"
"10/28/2024","304.60","307.00","309.90","301.00","254.29K","-0.36%"
"10/27/2024","305.70","316.90","316.90","304.20","295.12K","-3.53%"
"10/24/2024","316.90","322.40","322.40","309.40","558.25K","-1.68%"
"10/23/2024","322.30","330.70","333.00","321.60","365.71K","-2.54%"
"10/22/2024","330.70","332.00","332.00","329.00","120.82K","0.43%"
"10/21/2024","329.30","333.10","333.50","327.00","226.33K","-1.05%"
"10/20/2024","332.80","338.00","338.00","331.40","187.98K","-0.66%"
"10/17/2024","335.00","338.00","339.20","334.50","148.53K","-0.77%"
"10/16/2024","337.60","335.50","340.00","333.40","211.82K","0.66%"
"10/15/2024","335.40","335.50","337.00","331.60","159.11K","-0.03%"
"10/14/2024","335.50","338.30","343.00","334.30","301.88K","-0.77%"
"10/09/2024","338.10","331.00","339.00","331.00","322.42K","2.64%"
"10/08/2024","329.40","327.80","333.20","324.00","367.70K","1.10%"
"10/07/2024","325.80","332.10","333.90","325.00","348.08K","-1.87%"
"10/06/2024","332.00","338.10","340.40","331.20","275.11K","-1.75%"
"10/03/2024","337.90","344.00","344.00","334.50","329.30K","-0.94%"
"10/02/2024","341.10","347.10","347.10","340.00","605.43K","-2.12%"
"10/01/2024","348.50","351.90","355.00","347.50","496.88K","-0.49%"
"09/30/2024","350.20","349.00","351.80","346.20","710.52K","0.26%"
"09/29/2024","349.30","350.00","352.30","347.00","937.82K","-0.03%"
"09/26/2024","349.40","351.40","352.90","344.10","896.46K","-0.57%"
"09/25/2024","351.40","347.10","355.10","347.10","1.46M","0.57%"
"09/24/2024","349.40","345.00","353.60","342.80","1.72M","1.93%"
"09/23/2024","342.80","339.70","346.10","336.60","636.65K","0.91%"
"09/22/2024","339.70","346.00","349.90","338.30","838.13K","-1.08%"
"09/19/2024","343.40","328.60","344.20","327.00","932.05K","4.54%"
"09/18/2024","328.50","332.00","333.00","327.90","279.30K","-0.70%"
"09/17/2024","330.80","334.30","337.00","329.90","298.83K","-0.99%"
"09/15/2024","334.10","331.60","337.00","325.00","648.85K","0.75%"
"09/12/2024","331.60","337.90","337.90","330.30","537.54K","-1.43%"
"09/11/2024","336.40","340.30","343.00","335.50","434.42K","-1.00%"
"09/10/2024","339.80","340.00","341.90","336.80","426.70K","0.32%"
"09/09/2024","338.70","341.90","342.00","336.50","362.88K","-0.41%"
"09/08/2024","340.10","340.90","346.30","339.50","533.09K","0.50%"
"09/05/2024","338.40","343.00","343.00","335.80","511.26K","-0.56%"
"09/04/2024","340.30","345.00","347.90","339.70","500.23K","-0.90%"
"09/03/2024","343.40","342.90","349.90","341.60","620.34K","0.15%"
"09/02/2024","342.90","344.10","346.90","338.40","734.76K","-0.06%"
"09/01/2024","343.10","345.00","352.80","342.10","625.14K","-0.26%"
"08/29/2024","344.00","348.90","355.00","341.50","1.03M","-1.40%"
"08/28/2024","348.90","330.00","350.00","329.80","1.07M","5.79%"
"08/27/2024","329.80","335.00","336.00","326.70","984.51K","-2.08%"
"08/25/2024","336.80","354.00","354.00","335.90","904.44K","-2.72%"
"08/22/2024","346.20","324.00","350.00","324.00","2.54M","3.65%"
"08/21/2024","334.00","344.30","344.30","334.00","344.16K","-2.99%"
"08/20/2024","344.30","353.00","357.90","344.20","1.54M","-2.96%"
"08/19/2024","354.80","354.80","366.00","354.80","2.27M","-2.98%"
"08/18/2024","365.70","374.90","374.90","365.70","1.34M","-3.00%"
"08/15/2024","377.00","381.00","387.00","375.00","2.24M","-0.58%"
"08/14/2024","379.20","355.50","382.90","345.10","4.33M","6.67%"
"08/12/2024","355.50","368.90","368.90","341.00","3.19M","2.86%"
"08/11/2024","345.60","345.60","345.60","310.10","4.06M","8.75%"
"08/08/2024","317.80","317.80","317.80","317.80","298.68K","8.72%"
"08/07/2024","292.30","292.30","292.30","292.30","224.23K","8.74%"
"08/06/2024","268.80","268.80","268.80","268.80","282.46K","8.74%"
"08/04/2024","247.20","247.20","254.00","247.20","178.40K","-2.98%"
"08/01/2024","254.80","254.70","255.30","250.20","106.71K","0.91%"
"07/31/2024","252.50","248.00","253.70","248.00","121.89K","0.68%"
"07/30/2024","250.80","254.20","254.20","248.80","97.34K","-1.34%"
"07/29/2024","254.20","257.00","257.00","253.70","109.02K","-1.09%"
"07/28/2024","257.00","254.10","258.20","254.10","150.33K","1.14%"
"07/25/2024","254.10","248.10","255.00","248.00","156.02K","2.01%"
"07/24/2024","249.10","248.20","251.50","248.00","174.79K","-0.99%"
"07/18/2024","251.60","261.30","261.30","250.90","460.05K","0.92%"
"07/16/2024","249.30","247.00","251.00","245.00","80.16K","1.92%"
"07/15/2024","244.60","245.90","245.90","243.20","39.14K","0.04%"
"07/14/2024","244.50","246.00","246.00","242.60","133.23K","0.41%"
"07/11/2024","243.50","247.00","248.50","242.90","91.36K","-0.49%"
"07/10/2024","244.70","250.00","250.00","241.40","109.02K","-0.16%"
"07/09/2024","245.10","248.80","248.80","242.60","233.43K","-1.49%"
"07/08/2024","248.80","251.00","253.20","247.00","181.63K","-0.96%"
"07/07/2024","251.20","243.00","252.00","242.00","172.69K","2.28%"
"07/04/2024","245.60","240.20","246.10","240.20","101.85K","2.25%"
"07/03/2024","240.20","239.90","243.70","239.10","75.29K","-1.56%"
"07/02/2024","244.00","247.60","247.60","240.30","162.56K","-1.49%"
"06/30/2024","247.70","240.10","248.40","234.70","221.09K","2.61%"
"06/27/2024","241.40","236.20","242.00","236.00","114.80K","2.20%"
"06/26/2024","236.20","229.90","237.00","228.40","199.82K","3.28%"
"06/25/2024","228.70","228.20","229.50","226.50","114.19K","0.22%"
"06/24/2024","228.20","228.90","228.90","225.10","116.91K","0.57%"
"06/23/2024","226.90","228.80","228.80","224.90","135.14K","0.89%"
"06/20/2024","224.90","223.90","225.40","221.00","109.33K","1.22%"
"06/19/2024","222.20","224.00","225.00","221.80","140.71K","-0.85%"
"06/13/2024","224.10","226.70","226.70","223.60","116.39K","0.49%"
"06/12/2024","223.00","222.00","225.70","222.00","209.98K","-0.22%"
"06/11/2024","223.50","225.40","228.40","222.90","208.27K","-0.84%"
"06/10/2024","225.40","230.00","230.00","223.50","123.66K","-1.62%"
"06/09/2024","229.10","225.60","229.90","225.60","65.66K","0.66%"
"06/06/2024","227.60","225.00","229.90","225.00","78.82K","0.62%"
"06/05/2024","226.20","225.10","230.00","225.00","62.16K","-0.57%"
"06/04/2024","227.50","228.00","233.50","225.50","64.72K","0.80%"
"06/03/2024","225.70","227.90","228.00","224.20","45.14K","0.13%"
"06/02/2024","225.40","226.90","229.50","223.50","54.63K","0.85%"
"05/30/2024","223.50","228.00","229.00","222.20","113.55K","-1.84%"
"05/29/2024","227.70","229.00","230.00","226.30","38.54K","0.98%"
"05/28/2024","225.50","232.00","236.00","224.70","108.42K","-1.66%"
"05/27/2024","229.30","226.00","229.70","225.00","38.19K","1.46%"
"05/26/2024","226.00","228.50","228.50","224.00","66.60K","0.49%"
"05/23/2024","224.90","231.80","231.80","224.00","81.87K","-0.18%"
"05/21/2024","225.30","224.50","230.00","224.50","76.25K","0.40%"
"05/20/2024","224.40","224.90","228.00","224.00","122.03K","-0.62%"
"05/19/2024","225.80","232.30","233.00","225.40","67.94K","-2.80%"
"05/16/2024","232.30","233.60","236.00","231.70","74.53K","-0.56%"
"05/15/2024","233.60","238.50","238.50","233.00","52.67K","-1.43%"
"05/14/2024","237.00","239.00","239.00","236.50","37.88K","-0.67%"
"05/13/2024","238.60","237.20","239.50","237.10","55.52K","0.72%"
"05/12/2024","236.90","239.00","239.00","236.10","39.82K","-0.21%"
"05/09/2024","237.40","239.90","239.90","236.00","228.08K","-0.54%"
"05/08/2024","238.70","239.50","240.90","238.40","137.31K","-0.33%"
"05/07/2024","239.50","241.80","241.80","239.00","462.41K","-0.08%"
"05/06/2024","239.70","241.90","241.90","238.50","270.19K","0.08%"
"05/05/2024","239.50","237.60","240.80","237.60","91.14K","0.80%"
"05/02/2024","237.60","236.00","239.00","236.00","189.77K","0.76%"
"04/30/2024","235.80","239.00","239.00","235.20","100.19K","-0.30%"
"04/29/2024","236.50","244.00","244.00","235.70","97.37K","-1.66%"
"04/28/2024","240.50","235.00","243.20","235.00","127.07K","2.34%"
"04/25/2024","235.00","232.50","238.50","229.80","198.60K","1.08%"
"04/24/2024","232.50","232.50","233.70","231.70","73.77K","-0.04%"
"04/23/2024","232.60","233.60","234.00","232.50","36.70K","-0.21%"
"04/22/2024","233.10","237.40","237.40","232.20","88.72K","-0.47%"
"04/21/2024","234.20","234.70","236.90","234.00","31.32K","-0.21%"
"04/18/2024","234.70","236.10","237.70","234.00","57.61K","-0.93%"
"04/17/2024","236.90","236.10","238.90","236.00","39.71K","0.34%"
"04/16/2024","236.10","238.50","240.00","233.60","75.04K","-1.17%"
"04/15/2024","238.90","241.00","241.00","238.50","34.67K","-0.46%"
"04/09/2024","240.00","241.00","241.50","239.50","83.56K","-0.08%"
"04/08/2024","240.20","242.40","242.40","238.50","140.91K","0.00%"
"04/04/2024","240.20","239.60","241.20","239.00","119.95K","0.25%"
"04/03/2024","239.60","239.90","240.50","238.30","207.87K","0.80%"
"04/02/2024","237.70","235.50","239.10","235.00","65.69K","0.34%"
"04/01/2024","236.90","242.80","242.80","236.20","64.60K","-0.38%"
"03/31/2024","237.80","235.80","242.50","235.80","35.37K","0.85%"
"03/28/2024","235.80","238.70","239.90","235.00","366.42K","-1.21%"
"03/27/2024","238.70","244.00","244.00","238.50","164.66K","-1.20%"
"03/25/2024","241.60","243.90","243.90","240.00","88.01K","-0.25%"
"03/24/2024","242.20","243.90","243.90","241.50","67.22K","0.67%"
"03/21/2024","240.60","241.00","242.00","240.00","169.42K","-0.04%"
"03/20/2024","240.70","244.00","244.00","240.20","99.24K","-0.74%"
"03/19/2024","242.50","241.00","244.70","237.40","112.84K","-0.41%"
"03/18/2024","243.50","240.00","247.00","236.50","248.73K","0.08%"
"03/14/2024","243.30","243.50","245.00","240.50","167.44K","0.87%"
"03/13/2024","241.20","244.40","244.90","239.50","453.58K","-1.51%"
"03/12/2024","244.90","251.00","251.00","243.10","243.78K","-0.69%"
"03/11/2024","246.60","250.00","251.00","245.10","204.91K","-1.52%"
"03/10/2024","250.40","255.00","255.00","250.00","148.98K","-1.22%"
"03/07/2024","253.50","258.10","258.10","252.00","235.10K","-1.25%"
"03/06/2024","256.70","252.60","258.80","251.50","528.29K","1.62%"
"03/05/2024","252.60","257.20","259.30","252.00","550.99K","-1.79%"
"03/04/2024","257.20","246.30","261.00","246.30","650.64K","-1.68%"
"03/03/2024","261.60","265.80","265.80","261.60","743.36K","-8.72%"
"02/28/2024","286.60","286.60","286.60","286.60","3.47K","0.00%"
"02/27/2024","286.60","286.60","286.60","286.60","2.75K","0.00%"
"02/25/2024","286.60","286.60","286.60","286.60","2.99K","0.00%"
"02/22/2024","286.60","286.60","286.60","286.60","2.78K","0.00%"
"02/20/2024","286.60","286.60","286.60","286.60","0.78K","0.00%"
"02/19/2024","286.60","286.60","286.60","286.60","2.95K","0.00%"
"02/18/2024","286.60","286.60","286.60","286.60","5.03K","0.00%"
"02/15/2024","286.60","286.60","286.60","286.60","1.42K","0.00%"
"02/14/2024","286.60","286.60","286.60","286.60","2.81K","0.00%"
"02/13/2024","286.60","286.60","286.60","286.60","6.96K","0.00%"
"02/12/2024","286.60","286.60","286.60","286.60","6.91K","0.00%"
"02/11/2024","286.60","286.60","286.60","286.60","2.78K","0.00%"
"02/08/2024","286.60","286.60","286.60","286.60","2.63K","0.00%"
"02/07/2024","286.60","286.60","286.60","286.60","1.44K","0.00%"
"02/06/2024","286.60","286.60","286.60","286.60","4.50K","0.00%"
"02/05/2024","286.60","286.60","286.60","286.60","2.02K","0.00%"
"02/04/2024","286.60","286.60","286.60","286.60","2.65K","0.00%"
"02/01/2024","286.60","286.60","286.60","286.60","1.38K","0.00%"
"01/31/2024","286.60","286.60","286.60","286.60","0.12K","0.00%"
"01/30/2024","286.60","286.60","286.60","286.60","0.49K","0.00%"
"01/29/2024","286.60","286.60","286.60","286.60","0.65K","0.00%"
"01/28/2024","286.60","286.60","286.60","286.60","0.14K","0.00%"
"01/25/2024","286.60","286.60","286.60","286.60","0.83K","0.00%"
"01/24/2024","286.60","286.60","286.60","286.60","10.47K","0.00%"
"01/23/2024","286.60","286.60","286.60","286.60","2.81K","0.00%"
"01/22/2024","286.60","286.60","286.60","286.60","0.52K","0.00%"
"01/21/2024","286.60","286.60","286.60","286.60","3.80K","0.00%"
"01/18/2024","286.60","286.60","286.60","286.60","1.28K","0.00%"
"01/17/2024","286.60","286.60","286.60","286.60","1.71K","0.00%"
"01/16/2024","286.60","286.60","286.60","286.60","1.76K","0.00%"
"01/15/2024","286.60","286.60","286.60","286.60","0.29K","0.00%"
"01/14/2024","286.60","286.60","286.60","286.60","3.04K","0.00%"
"01/11/2024","286.60","286.60","286.60","286.60","3.83K","0.00%"
"01/10/2024","286.60","286.60","286.60","286.60","3.20K","0.00%"
"01/09/2024","286.60","286.60","286.60","286.60","8.51K","0.00%"
"01/08/2024","286.60","286.60","286.60","286.60","0.70K","0.00%"
"01/04/2024","286.60","286.60","286.60","286.60","0.67K","0.00%"
"01/03/2024","286.60","286.60","286.60","286.60","0.92K","0.00%"
"01/02/2024","286.60","286.60","286.60","286.60","0.91K","0.00%"
"01/01/2024","286.60","286.60","286.60","286.60","1.36K","0.00%"
"12/28/2023","286.60","286.60","286.60","286.60","3.01K","0.00%"
"12/27/2023","286.60","286.60","286.60","286.60","4.28K","0.00%"
"12/26/2023","286.60","286.60","286.60","286.60","0.27K","0.00%"
"12/24/2023","286.60","286.60","286.60","286.60","11.07K","0.00%"
"12/21/2023","286.60","286.60","286.60","286.60","1.97K","0.00%"
"12/20/2023","286.60","286.60","286.60","286.60","0.27K","0.00%"
"12/19/2023","286.60","286.60","286.60","286.60","1.47K","0.00%"
"12/18/2023","286.60","286.60","286.60","286.60","1.22K","0.00%"
"12/17/2023","286.60","286.60","286.60","286.60","3.11K","0.00%"
"12/14/2023","286.60","286.60","286.60","286.60","1.27K","0.00%"
"12/13/2023","286.60","286.60","286.60","286.60","1.63K","0.00%"
"12/12/2023","286.60","286.60","286.60","286.60","0.76K","0.00%"
"12/11/2023","286.60","286.60","286.60","286.60","0.77K","0.00%"
"12/10/2023","286.60","286.60","286.60","286.60","1.72K","0.00%"
"12/07/2023","286.60","286.60","286.60","286.60","1.51K","0.00%"
"12/06/2023","286.60","286.60","286.60","286.60","0.77K","0.00%"
"12/05/2023","286.60","286.60","286.60","286.60","0.66K","0.00%"
"12/04/2023","286.60","286.60","286.60","286.60","0.27K","0.00%"
"12/03/2023","286.60","286.60","286.60","286.60","0.60K","0.00%"
"11/30/2023","286.60","286.60","286.60","286.60","0.30K","0.00%"
"11/29/2023","286.60","286.60","286.60","286.60","1.68K","0.00%"
"11/28/2023","286.60","286.60","286.60","286.60","0.40K","0.00%"
"11/27/2023","286.60","286.60","286.60","286.60","0.03K","0.00%"
"11/26/2023","286.60","286.60","286.60","286.60","0.43K","0.00%"
"11/23/2023","286.60","286.60","286.60","286.60","0.43K","0.00%"
"11/22/2023","286.60","286.60","286.60","286.60","2.75K","0.00%"
"11/21/2023","286.60","286.60","286.60","286.60","0.23K","0.00%"
"11/20/2023","286.60","286.60","286.60","286.60","3.61K","0.00%"
"11/19/2023","286.60","286.60","286.60","286.60","0.40K","0.00%"
"11/16/2023","286.60","286.60","286.60","286.60","0.26K","0.00%"
"11/15/2023","286.60","286.60","286.60","286.60","0.45K","0.00%"
"11/14/2023","286.60","286.60","286.60","286.60","0.13K","0.00%"
"11/13/2023","286.60","286.60","286.60","286.60","0.12K","0.00%"
"11/12/2023","286.60","286.60","286.60","286.60","0.11K","0.00%"
"11/09/2023","286.60","286.60","286.60","286.60","0.28K","0.00%"
"11/08/2023","286.60","286.60","286.60","286.60","2.46K","0.00%"
"11/07/2023","286.60","286.60","286.60","286.60","0.22K","0.00%"
"11/06/2023","286.60","286.60","286.60","286.60","0.11K","0.00%"
"11/05/2023","286.60","286.60","286.60","286.60","1.14K","0.00%"
"11/02/2023","286.60","286.60","286.60","286.60","0.51K","0.00%"
"11/01/2023","286.60","286.60","286.60","286.60","0.44K","0.00%"
"10/31/2023","286.60","286.60","286.60","286.60","0.11K","0.00%"
"10/30/2023","286.60","286.60","286.60","286.60","0.83K","0.00%"
"10/29/2023","286.60","286.60","286.60","286.60","0.79K","0.00%"
"10/26/2023","286.60","286.60","286.60","286.60","1.09K","0.00%"
"10/25/2023","286.60","286.60","286.60","286.60","3.33K","0.00%"
"10/23/2023","286.60","286.60","286.60","286.60","0.80K","0.00%"
"10/22/2023","286.60","286.60","286.60","286.60","0.46K","0.00%"
"10/19/2023","286.60","286.60","286.60","286.60","0.14K","0.00%"
"10/18/2023","286.60","286.60","286.60","286.60","0.43K","0.00%"
"10/17/2023","286.60","286.60","286.60","286.60","2.37K","0.00%"
"10/16/2023","286.60","286.60","286.60","286.60","0.64K","0.00%"
"10/15/2023","286.60","286.60","286.60","286.60","0.12K","0.00%"
"10/12/2023","286.60","286.60","286.60","286.60","0.64K","0.00%"
"10/11/2023","286.60","286.60","286.60","286.60","1.31K","0.00%"
"10/10/2023","286.60","286.60","286.60","286.60","0.08K","0.00%"
"10/09/2023","286.60","286.60","286.60","286.60","0.41K","0.00%"
"10/08/2023","286.60","286.60","286.60","286.60","0.31K","0.00%"
"10/05/2023","286.60","286.60","286.60","286.60","0.48K","0.00%"
"10/04/2023","286.60","286.60","286.60","286.60","0.32K","0.00%"
"10/03/2023","286.60","286.60","286.60","286.60","0.81K","0.00%"
"10/02/2023","286.60","286.60","286.60","286.60","2.93K","0.00%"
"10/01/2023","286.60","286.60","286.60","286.60","0.70K","0.00%"
"09/27/2023","286.60","286.60","286.60","286.60","0.48K","0.00%"
"09/26/2023","286.60","286.60","286.60","286.60","0.57K","0.00%"
"09/25/2023","286.60","286.60","286.60","286.60","0.06K","0.00%"
"09/24/2023","286.60","286.60","286.60","286.60","2.07K","0.00%"
"09/21/2023","286.60","286.60","286.60","286.60","2.82K","0.00%"
"09/20/2023","286.60","286.60","286.60","286.60","1.15K","0.00%"
"09/19/2023","286.60","286.60","286.60","286.60","0.21K","0.00%"
"09/18/2023","286.60","286.60","286.60","286.60","2.79K","0.00%"
"09/17/2023","286.60","286.60","286.60","286.60","2.17K","0.00%"
"09/14/2023","286.60","286.60","286.60","286.60","0.56K","0.00%"
"09/13/2023","286.60","286.60","286.60","286.60","1.25K","0.00%"
"09/12/2023","286.60","286.60","286.60","286.60","0.34K","0.00%"
"09/11/2023","286.60","286.60","286.60","286.60","2.31K","0.00%"
"09/10/2023","286.60","286.60","286.60","286.60","1.31K","0.00%"
"09/07/2023","286.60","286.60","286.60","286.60","0.66K","0.00%"
"09/05/2023","286.60","286.60","286.60","286.60","1.66K","0.00%"
"09/04/2023","286.60","286.60","286.60","286.60","0.35K","0.00%"
"09/03/2023","286.60","286.60","286.60","286.60","1.22K","0.00%"
"08/31/2023","286.60","286.60","286.60","286.60","0.61K","0.00%"
"08/30/2023","286.60","286.60","286.60","286.60","1.16K","0.00%"
"08/29/2023","286.60","286.60","286.60","286.60","4.50K","0.00%"
"08/28/2023","286.60","286.60","286.60","286.60","1.63K","0.00%"
"08/27/2023","286.60","286.60","286.60","286.60","0.30K","0.00%"
"08/24/2023","286.60","286.60","286.60","286.60","0.66K","0.00%"
"08/23/2023","286.60","286.60","286.60","286.60","3.13K","0.00%"
"08/22/2023","286.60","286.60","286.60","286.60","0.54K","0.00%"
"08/21/2023","286.60","286.60","286.60","286.60","1.68K","0.00%"
"08/20/2023","286.60","286.60","286.60","286.60","0.67K","0.00%"
"08/17/2023","286.60","286.60","286.60","286.60","3.23K","0.00%"
"08/16/2023","286.60","286.60","286.60","286.60","2.10K","0.00%"
"08/14/2023","286.60","286.60","286.60","286.60","0.69K","0.00%"
"08/13/2023","286.60","286.60","286.60","286.60","0.99K","0.00%"
"08/10/2023","286.60","286.60","286.60","286.60","1.23K","0.00%"
"08/09/2023","286.60","286.60","286.60","286.60","2.68K","0.00%"
"08/08/2023","286.60","286.60","286.60","286.60","1.05K","0.00%"
"08/07/2023","286.60","286.60","286.60","286.60","0.58K","0.00%"
"08/06/2023","286.60","286.60","286.60","286.60","0.98K","0.00%"
"08/03/2023","286.60","286.60","286.60","286.60","2.05K","0.00%"
"08/02/2023","286.60","286.60","286.60","286.60","0.58K","0.00%"
"08/01/2023","286.60","286.60","286.60","286.60","0.40K","0.00%"
"07/31/2023","286.60","286.60","286.60","286.60","0.99K","0.00%"
"07/30/2023","286.60","286.60","286.60","286.60","1.57K","0.00%"
"07/27/2023","286.60","286.60","286.60","286.60","1.85K","0.00%"
"07/26/2023","286.60","286.60","286.60","286.60","1.16K","0.00%"
"07/25/2023","286.60","286.60","286.60","286.60","5.05K","0.00%"
"07/24/2023","286.60","286.60","286.60","286.60","2.56K","0.00%"
"07/23/2023","286.60","286.60","286.60","286.60","2.60K","0.00%"
"07/20/2023","286.60","286.60","286.60","286.60","3.99K","0.00%"
"07/19/2023","286.60","286.60","286.60","286.60","6.66K","0.00%"
"07/18/2023","286.60","286.60","286.60","286.60","14.81K","0.00%"
"07/17/2023","286.60","286.60","286.60","286.60","3.90K","0.00%"
"07/16/2023","286.60","286.60","286.60","286.60","2.66K","0.00%"
"07/13/2023","286.60","286.60","286.60","286.60","5.57K","0.00%"
"07/12/2023","286.60","286.60","286.60","286.60","2.68K","0.00%"
"07/11/2023","286.60","286.60","286.60","286.60","1.51K","0.00%"
"07/10/2023","286.60","286.60","286.60","286.60","9.64K","0.00%"
"07/09/2023","286.60","286.60","286.60","286.60","1.79K","0.00%"
"07/06/2023","286.60","286.60","286.60","286.60","2.33K","0.00%"
"07/05/2023","286.60","286.60","286.60","286.60","2.41K","0.00%"
"07/04/2023","286.60","286.60","286.60","286.60","1.13K","0.00%"
"07/03/2023","286.60","286.60","286.60","286.60","3.53K","0.00%"
"07/02/2023","286.60","286.60","286.60","286.60","1.68K","0.00%"
"06/26/2023","286.60","286.60","286.60","286.60","23.57K","0.00%"
"06/25/2023","286.60","286.60","286.60","286.60","12.10K","0.00%"
"06/22/2023","286.60","286.60","286.60","286.60","5.92K","0.00%"
"06/21/2023","286.60","286.60","286.60","286.60","5.24K","0.00%"
"06/20/2023","286.60","286.60","286.60","286.60","5.56K","0.00%"
"06/19/2023","286.60","286.60","286.60","286.60","2.52K","0.00%"
"06/18/2023","286.60","286.60","286.60","286.60","4.69K","0.00%"
"06/15/2023","286.60","286.60","286.60","286.60","5.56K","0.00%"
"06/14/2023","286.60","286.60","286.60","286.60","0.39K","0.00%"
"06/13/2023","286.60","286.60","286.60","286.60","2.51K","0.00%"
"06/12/2023","286.60","286.60","286.60","286.60","2.14K","0.00%"
"06/11/2023","286.60","286.60","286.60","286.60","2.02K","0.00%"
"06/08/2023","286.60","286.60","286.60","286.60","7.70K","0.00%"
"06/07/2023","286.60","286.60","286.60","286.60","0.51K","0.00%"
"06/06/2023","286.60","286.60","286.60","286.60","3.01K","0.00%"
"06/05/2023","286.60","286.60","286.60","286.60","1.60K","0.00%"
"06/04/2023","286.60","286.60","286.60","286.60","1.87K","0.00%"
"06/01/2023","286.60","286.60","286.60","286.60","1.08K","0.00%"
"05/31/2023","286.60","286.60","286.60","286.60","2.55K","0.00%"
"05/30/2023","286.60","286.60","286.60","286.60","2.95K","0.00%"
"05/29/2023","286.60","286.60","286.60","286.60","2.54K","0.00%"
"05/28/2023","286.60","286.60","286.60","286.60","1.82K","0.00%"
"05/25/2023","286.60","286.60","286.60","286.60","1.04K","0.00%"
"05/24/2023","286.60","286.60","286.60","286.60","1.67K","0.00%"
"05/23/2023","286.60","286.60","286.60","286.60","1.89K","0.00%"
"05/22/2023","286.60","286.60","286.60","286.60","3.64K","0.00%"
"05/21/2023","286.60","286.60","286.60","286.60","3.05K","0.00%"
"05/18/2023","286.60","286.60","286.60","286.60","3.41K","0.00%"
"05/17/2023","286.60","286.60","286.60","286.60","4.07K","0.00%"
"05/16/2023","286.60","286.60","286.60","286.60","2.78K","0.00%"
"05/15/2023","286.60","286.60","286.60","286.60","28.45K","0.00%"
"05/14/2023","286.60","286.60","286.60","286.60","1.51K","0.00%"
"05/11/2023","286.60","286.60","286.60","286.60","2.45K","0.00%"
"05/10/2023","286.60","286.60","286.60","286.60","1.98K","0.00%"
"05/09/2023","286.60","286.60","286.60","286.60","1.95K","0.00%"
"05/08/2023","286.60","286.60","286.60","286.60","5.14K","0.00%"
"05/07/2023","286.60","286.60","286.60","286.60","2.90K","0.00%"
"05/03/2023","286.60","286.60","286.60","286.60","2.07K","0.00%"
"05/02/2023","286.60","286.60","286.60","286.60","1.75K","0.00%"
"04/30/2023","286.60","286.60","286.60","286.60","3.55K","0.00%"
"04/27/2023","286.60","286.60","286.60","286.60","2.07K","0.00%"
"04/26/2023","286.60","286.60","286.60","286.60","1.94K","0.00%"
"04/25/2023","286.60","286.60","286.60","286.60","12.18K","0.00%"
"04/24/2023","286.60","286.60","286.60","286.60","0.56K","0.00%"
"04/18/2023","286.60","286.60","286.60","286.60","0.29K","0.00%"
"04/17/2023","286.60","286.60","286.60","286.60","0.30K","0.00%"
"04/16/2023","286.60","286.60","286.60","286.60","1.28K","0.00%"
"04/13/2023","286.60","286.60","286.60","286.60","1.43K","0.00%"
"04/12/2023","286.60","286.60","286.60","286.60","3.25K","0.00%"
"04/11/2023","286.60","286.60","286.60","286.60","0.23K","0.00%"
"04/10/2023","286.60","286.60","286.60","286.60","0.28K","0.00%"
"04/09/2023","286.60","286.60","286.60","286.60","0.18K","0.00%"
"04/06/2023","286.60","286.60","286.60","286.60","0.96K","0.00%"
"04/05/2023","286.60","286.60","286.60","286.60","0.23K","0.00%"
"04/04/2023","286.60","286.60","286.60","286.60","1.56K","0.00%"
"04/03/2023","286.60","286.60","286.60","286.60","1.77K","0.00%"
"04/02/2023","286.60","286.60","286.60","286.60","1.41K","0.00%"
"03/30/2023","286.60","286.60","286.60","286.60","0.17K","0.00%"
"03/29/2023","286.60","286.60","286.60","286.60","0.08K","0.00%"
"03/28/2023","286.60","286.60","286.60","286.60","0.61K","0.00%"
"03/27/2023","286.60","286.60","286.60","286.60","0.46K","0.00%"
"03/23/2023","286.60","286.60","286.60","286.60","1.18K","0.00%"
"03/22/2023","286.60","286.60","286.60","286.60","0.05K","0.00%"
"03/21/2023","286.60","286.60","286.60","286.60","0.29K","0.00%"
"03/20/2023","286.60","286.60","286.60","286.60","1.74K","0.00%"
"03/19/2023","286.60","286.60","286.60","286.60","1.37K","0.00%"
"03/16/2023","286.60","286.60","286.60","286.60","0.54K","0.00%"
"03/15/2023","286.60","286.60","286.60","286.60","1.69K","0.00%"
"03/14/2023","286.60","286.60","286.60","286.60","0.31K","0.00%"
"03/13/2023","286.60","286.60","286.60","286.60","0.53K","0.00%"
"03/12/2023","286.60","286.60","286.60","286.60","1.24K","0.00%"
"03/09/2023","286.60","286.60","286.60","286.60","0.18K","0.00%"
"03/07/2023","286.60","286.60","286.60","286.60","25.18K","0.00%"
"03/06/2023","286.60","286.60","286.60","286.60","2.81K","0.00%"
"03/05/2023","286.60","286.60","286.60","286.60","0.99K","0.00%"
"03/02/2023","286.60","286.60","286.60","286.60","0.26K","0.00%"
"03/01/2023","286.60","286.60","286.60","286.60","4.48K","0.00%"
"02/28/2023","286.60","286.60","286.60","286.60","0.14K","0.00%"
"02/27/2023","286.60","286.60","286.60","286.60","5.92K","0.00%"
"02/23/2023","286.60","286.60","286.60","286.60","14.81K","0.00%"
"02/22/2023","286.60","286.60","286.60","286.60","12.30K","0.00%"
"02/20/2023","286.60","286.60","286.60","286.60","4.33K","0.00%"
"02/19/2023","286.60","286.60","286.60","286.60","3.14K","0.00%"
"02/16/2023","286.60","286.60","286.60","286.60","5.43K","0.00%"
"02/15/2023","286.60","286.60","286.60","286.60","2.27K","0.00%"
"02/14/2023","286.60","286.60","286.60","286.60","2.73K","0.00%"
"02/13/2023","286.60","286.60","286.60","286.60","2.94K","0.00%"
"02/12/2023","286.60","286.60","286.60","286.60","3.75K","0.00%"
"02/09/2023","286.60","286.60","286.60","286.60","6.92K","0.00%"
"02/08/2023","286.60","286.60","286.60","286.60","1.70K","0.00%"
"02/07/2023","286.60","286.60","286.60","286.60","3.24K","0.00%"
"02/06/2023","286.60","286.60","286.60","286.60","2.50K","0.00%"
"02/05/2023","286.60","286.60","286.60","286.60","3.98K","0.00%"
"02/02/2023","286.60","286.60","286.60","286.60","6.30K","0.00%"
"02/01/2023","286.60","286.60","286.60","286.60","2.60K","0.00%"
"01/31/2023","286.60","286.60","286.60","286.60","9.13K","0.00%"
"01/30/2023","286.60","286.60","286.60","286.60","7.16K","0.00%"
"01/29/2023","286.60","286.60","286.60","286.60","4.99K","0.00%"
"01/26/2023","286.60","286.60","286.60","286.60","1.55K","0.00%"
"01/25/2023","286.60","286.60","286.60","286.60","6.05K","0.00%"
"01/24/2023","286.60","286.60","286.60","286.60","4.19K","0.00%"
"01/23/2023","286.60","286.60","286.60","286.60","3.78K","0.00%"
"01/22/2023","286.60","286.60","286.60","286.60","2.68K","0.00%"
"01/19/2023","286.60","286.60","286.60","286.60","2.52K","0.00%"
"01/18/2023","286.60","286.60","286.60","286.60","4.74K","0.00%"
"01/17/2023","286.60","286.60","286.60","286.60","6.64K","0.00%"
"01/16/2023","286.60","286.60","286.60","286.60","2.51K","0.00%"
"01/15/2023","286.60","286.60","286.60","286.60","2.63K","0.00%"
"01/12/2023","286.60","286.60","286.60","286.60","2.17K","0.00%"
"01/11/2023","286.60","286.60","286.60","286.60","1.08K","0.00%"
"01/10/2023","286.60","286.60","286.60","286.60","2.29K","0.00%"
"01/09/2023","286.60","286.60","286.60","286.60","2.06K","0.00%"
"01/08/2023","286.60","286.60","286.60","286.60","4.39K","0.00%"
"01/05/2023","286.60","286.60","286.60","286.60","3.98K","0.00%"
"01/04/2023","286.60","286.60","286.60","286.60","6.24K","0.00%"
"01/03/2023","286.60","286.60","286.60","286.60","10.29K","0.00%"
"01/02/2023","286.60","286.60","286.60","286.60","10.63K","0.00%"
"01/01/2023","286.60","286.60","286.60","286.60","1.15K","0.00%"
"12/29/2022","286.60","286.60","286.60","286.60","3.76K","0.00%"
"12/28/2022","286.60","286.60","286.60","286.60","1.81K","0.00%"
"12/27/2022","286.60","286.60","286.60","286.60","6.93K","0.00%"
"12/26/2022","286.60","286.60","286.60","286.60","0.74K","0.00%"
"12/22/2022","286.60","286.60","286.60","286.60","0.42K","0.00%"
"12/21/2022","286.60","286.60","286.60","286.60","0.34K","0.00%"
"12/20/2022","286.60","286.60","286.60","286.60","2.67K","0.00%"
"12/19/2022","286.60","286.60","286.60","286.60","2.54K","0.00%"
"12/18/2022","286.60","286.60","286.60","286.60","1.83K","0.00%"
"12/15/2022","286.60","286.60","286.60","286.60","3.27K","0.00%"
"12/14/2022","286.60","286.60","286.60","286.60","3.56K","0.00%"
"12/13/2022","286.60","286.60","286.60","286.60","4.09K","0.00%"
"12/12/2022","286.60","286.60","286.60","286.60","3.67K","0.00%"
"12/11/2022","286.60","286.60","286.60","286.60","0.89K","0.00%"
"12/08/2022","286.60","286.60","286.60","286.60","0.99K","0.00%"
"12/07/2022","286.60","286.60","286.60","286.60","6.88K","0.00%"
"12/06/2022","286.60","286.60","286.60","286.60","0.32K","0.00%"
"12/05/2022","286.60","286.60","286.60","286.60","1.52K","0.00%"
"12/04/2022","286.60","286.60","286.60","286.60","1.34K","0.00%"
"12/01/2022","286.60","286.60","286.60","286.60","4.36K","0.00%"
"11/30/2022","286.60","286.60","286.60","286.60","0.99K","0.00%"
"11/29/2022","286.60","286.60","286.60","286.60","1.79K","0.00%"
"11/28/2022","286.60","286.60","286.60","286.60","1.91K","0.00%"
"11/27/2022","286.60","286.60","286.60","286.60","1.67K","0.00%"
"11/24/2022","286.60","286.60","286.60","286.60","1.09K","0.00%"
"11/23/2022","286.60","286.60","286.60","286.60","4.58K","0.00%"
"11/22/2022","286.60","286.60","286.60","286.60","1.82K","0.00%"
"11/21/2022","286.60","286.60","286.60","286.60","1.19K","0.00%"
"11/20/2022","286.60","286.60","286.60","286.60","0.62K","0.00%"
"11/17/2022","286.60","286.60","286.60","286.60","0.52K","0.00%"
"11/16/2022","286.60","286.60","286.60","286.60","0.77K","0.00%"
"11/15/2022","286.60","286.60","286.60","286.60","4.03K","0.00%"
"11/14/2022","286.60","286.60","286.60","286.60","2.72K","0.00%"
"11/13/2022","286.60","286.60","286.60","286.60","2.35K","0.00%"
"11/10/2022","286.60","286.60","286.60","286.60","3.29K","0.00%"
"11/09/2022","286.60","286.60","286.60","286.60","9.01K","0.00%"
"11/08/2022","286.60","286.60","286.60","286.60","8.25K","0.00%"
"11/07/2022","286.60","286.60","286.60","286.60","1.37K","0.00%"
"11/06/2022","286.60","286.60","286.60","286.60","3.04K","0.00%"
"11/03/2022","286.60","286.60","286.60","286.60","5.18K","0.00%"
"11/02/2022","286.60","286.60","286.60","286.60","4.88K","0.00%"
"11/01/2022","286.60","286.60","286.60","286.60","1.87K","0.00%"
"10/31/2022","286.60","286.60","286.60","286.60","4.77K","0.00%"
"10/30/2022","286.60","286.60","286.60","286.60","4.13K","0.00%"
"10/27/2022","286.60","286.60","286.60","286.60","8.95K","0.00%"
"10/26/2022","286.60","286.60","286.60","286.60","8.39K","0.00%"
"10/25/2022","286.60","286.60","286.60","286.60","9.79K","0.00%"
"10/24/2022","286.60","286.60","286.60","286.60","3.17K","0.00%"
"10/23/2022","286.60","286.60","286.60","286.60","5.07K","0.00%"
"10/20/2022","286.60","286.60","286.60","286.60","42.59K","0.00%"
"10/19/2022","286.60","286.60","286.60","286.60","5.28K","0.00%"
"10/18/2022","286.60","286.60","286.60","286.60","4.76K","0.00%"
"10/17/2022","286.60","286.60","286.60","286.60","18.22K","0.00%"
"10/16/2022","286.60","286.60","286.60","286.60","65.36K","0.00%"
"10/13/2022","286.60","286.60","286.60","286.60","67.57K","0.00%"
"10/12/2022","286.60","286.60","286.60","286.60","42.58K","0.00%"
"10/11/2022","286.60","286.60","286.60","286.60","18.92K","0.00%"
"10/10/2022","286.60","286.60","286.60","286.60","17.16K","0.00%"
"10/06/2022","286.60","286.60","286.60","286.60","7.64K","0.00%"
"10/04/2022","286.60","286.60","286.60","286.60","10.52K","0.00%"
"10/03/2022","286.60","286.60","286.60","286.60","11.85K","0.00%"
"10/02/2022","286.60","286.60","288.00","286.60","54.80K","0.00%"
"09/29/2022","286.60","286.60","286.60","286.60","69.18K","0.00%"
"09/28/2022","286.60","286.60","286.60","286.60","13.15K","0.00%"
"09/27/2022","286.60","286.60","286.60","286.60","164.70K","0.00%"
"09/26/2022","286.60","286.60","286.60","286.60","53.85K","0.00%"
"09/25/2022","286.60","286.60","287.00","286.60","45.21K","0.00%"
"09/22/2022","286.60","286.60","286.60","286.60","74.50K","0.00%"
"09/21/2022","286.60","286.90","287.80","286.60","88.36K","-0.07%"
"09/20/2022","286.80","287.20","290.00","286.60","318.38K","-0.14%"
"09/19/2022","287.20","293.50","293.50","286.70","200.36K","0.10%"
"09/18/2022","286.90","288.40","288.60","286.60","137.28K","0.10%"
"09/15/2022","286.60","287.00","287.30","286.60","43.86K","0.00%"
"09/14/2022","286.60","286.60","286.70","286.60","136.64K","0.00%"
"09/13/2022","286.60","287.00","287.00","286.60","161.03K","-0.14%"
"09/12/2022","287.00","286.90","287.80","286.80","254.92K","0.03%"
"09/11/2022","286.90","288.00","288.00","286.60","103.24K","-0.03%"
"09/08/2022","287.00","291.90","291.90","286.70","143.16K","0.07%"
"09/07/2022","286.80","288.50","288.50","286.60","153.86K","0.03%"
"09/06/2022","286.70","288.10","289.00","286.60","124.62K","-0.49%"
"09/05/2022","288.10","288.70","290.00","287.70","195.73K","-0.21%"
"09/04/2022","288.70","295.00","295.80","288.00","121.84K","-0.45%"
"09/01/2022","290.00","290.00","291.00","289.00","161.03K","0.76%"
"08/31/2022","287.80","295.70","295.70","287.00","167.84K","-0.10%"
"08/30/2022","288.10","295.20","295.30","287.80","148.11K","-1.74%"
"08/29/2022","293.20","290.00","294.10","288.90","205.84K","1.52%"
"08/28/2022","288.80","289.00","291.20","286.80","134.30K","0.63%"
"08/25/2022","287.00","286.60","287.50","286.60","336.13K","0.14%"
"08/24/2022","286.60","288.00","288.00","286.60","131.66K","-0.10%"
"08/23/2022","286.90","286.80","288.00","286.70","158.91K","0.07%"
"08/22/2022","286.70","288.90","288.90","286.60","358.18K","-0.10%"
"08/21/2022","287.00","287.00","288.80","286.60","100.43K","0.07%"
"08/17/2022","286.80","287.00","288.00","286.70","267.10K","-0.07%"
"08/16/2022","287.00","288.90","288.90","286.60","768.63K","-0.07%"
"08/14/2022","287.20","288.00","290.90","287.00","58.13K","-0.03%"
"08/11/2022","287.30","292.00","292.00","286.60","441.34K","-5.09%"
"08/08/2022","302.70","302.90","305.20","300.10","180.71K","-0.23%"
"08/07/2022","303.40","300.00","305.00","294.00","190.22K","1.23%"
"08/04/2022","299.70","299.10","301.50","296.20","138.84K","0.67%"
"08/03/2022","297.70","301.20","301.20","297.00","264.64K","-0.30%"
"08/02/2022","298.60","298.90","300.20","295.70","216.45K","0.27%"
"08/01/2022","297.80","294.10","298.50","294.10","118.48K","1.19%"
"07/31/2022","294.30","287.30","295.40","287.30","184.72K","3.01%"
"07/28/2022","285.70","289.40","289.40","283.00","113.17K","-0.21%"
"07/27/2022","286.30","286.00","287.80","286.00","96.03K","0.00%"
"07/26/2022","286.30","289.40","289.40","286.00","225.92K","-0.28%"
"07/25/2022","287.10","286.90","288.00","286.00","129.68K","-0.28%"
"07/24/2022","287.90","289.50","289.50","285.00","64.10K","0.28%"
"07/21/2022","287.10","287.50","288.50","286.00","110.78K","0.38%"
"07/20/2022","286.00","286.30","289.40","285.00","187.80K","-0.10%"
"07/19/2022","286.30","290.80","291.00","283.80","270.76K","-1.11%"
"07/18/2022","289.50","289.80","291.60","285.40","486.31K","-0.10%"
"07/17/2022","289.80","289.90","290.60","288.20","71.21K","0.38%"
"07/14/2022","288.70","287.80","289.30","286.90","148.58K","0.31%"
"07/13/2022","287.80","290.00","290.00","287.10","180.50K","-0.45%"
"07/12/2022","289.10","294.00","294.00","288.00","137.94K","0.28%"
"07/07/2022","288.30","287.50","290.70","287.50","446.09K","-1.70%"
"07/06/2022","293.30","292.00","294.90","292.00","244.50K","0.76%"
"07/05/2022","291.10","277.00","296.70","277.00","1.02M","3.01%"
"07/04/2022","282.60","282.60","282.60","282.60","92.53K","-1.98%"
"07/03/2022","288.30","288.30","288.30","288.30","61.42K","-1.97%"
"06/30/2022","294.10","294.90","294.90","294.10","173.26K","-2.00%"
"06/29/2022","300.10","302.80","302.90","299.60","329.60K","-0.89%"
"06/28/2022","302.80","303.10","304.50","301.90","189.08K","-0.03%"
"06/27/2022","302.90","305.50","305.60","302.50","240.55K","-0.88%"
"06/26/2022","305.60","305.00","305.90","304.20","37.68K","0.63%"
"06/23/2022","303.70","305.00","305.00","303.40","98.25K","-0.03%"
"06/22/2022","303.80","306.90","306.90","303.20","106.34K","-0.07%"
"06/21/2022","304.00","304.10","307.00","303.40","131.53K","-0.10%"
"06/20/2022","304.30","306.00","306.70","304.10","131.20K","-0.88%"
"06/19/2022","307.00","307.00","307.60","305.10","47.78K","0.62%"
"06/16/2022","305.10","304.50","306.00","304.00","88.70K","0.20%"
"06/15/2022","304.50","307.80","307.80","304.00","117.00K","-0.07%"
"06/14/2022","304.70","306.00","306.00","304.20","56.02K","-0.36%"
"06/13/2022","305.80","307.00","307.70","305.20","50.99K","-0.59%"
"06/12/2022","307.60","305.90","308.00","305.60","30.20K","0.65%"
"06/09/2022","305.60","308.00","308.00","305.10","71.72K","0.33%"
"06/08/2022","304.60","308.00","308.00","302.00","115.28K","-0.46%"
"06/07/2022","306.00","307.30","310.00","305.50","119.98K","-0.39%"
"06/06/2022","307.20","313.40","313.60","307.20","183.55K","-1.98%"
"06/05/2022","313.40","306.90","314.50","306.90","155.72K","2.96%"
"06/02/2022","304.40","309.50","309.50","304.00","91.34K","-0.78%"
"06/01/2022","306.80","308.00","308.00","306.00","107.10K","-0.10%"
"05/31/2022","307.10","310.00","310.00","306.70","52.15K","-0.13%"
"05/30/2022","307.50","310.00","312.00","306.40","63.46K","-0.58%"
"05/29/2022","309.30","304.90","314.00","303.50","69.96K","2.83%"
"05/26/2022","300.80","300.10","303.90","300.00","60.89K","-0.03%"
"05/25/2022","300.90","305.10","305.10","300.00","190.95K","-0.79%"
"05/24/2022","303.30","307.00","307.70","302.50","77.34K","-0.85%"
"05/23/2022","305.90","307.50","308.60","305.00","78.44K","0.66%"
"05/22/2022","303.90","303.00","304.50","301.20","54.74K","0.43%"
"05/19/2022","302.60","305.00","305.00","301.50","108.96K","-0.46%"
"05/18/2022","304.00","308.00","308.00","303.00","210.26K","-0.94%"
"05/17/2022","306.90","311.90","311.90","305.50","159.56K","-0.87%"
"05/16/2022","309.60","310.30","315.80","308.60","251.67K","-0.23%"
"05/12/2022","310.30","316.00","316.00","309.50","238.08K","-1.62%"
"05/11/2022","315.40","320.50","320.70","315.00","215.13K","-1.07%"
"05/10/2022","318.80","319.10","322.00","317.90","212.70K","-0.03%"
"05/09/2022","318.90","321.10","321.80","318.50","150.10K","-0.62%"
"05/08/2022","320.90","320.10","322.40","320.00","32.76K","0.34%"
"05/05/2022","319.80","320.10","323.00","319.50","45.63K","-0.03%"
"04/28/2022","319.90","322.90","322.90","319.00","250.67K","-0.19%"
"04/27/2022","320.50","326.40","326.40","319.20","278.83K","-1.96%"
"04/26/2022","326.90","327.00","327.00","325.70","108.82K","-0.06%"
"04/25/2022","327.10","327.20","327.90","325.20","62.09K","0.00%"
"04/24/2022","327.10","324.10","327.60","322.50","77.24K","0.99%"
"04/21/2022","323.90","322.10","324.90","322.10","117.58K","0.78%"
"04/20/2022","321.40","322.80","322.80","320.40","103.30K","0.41%"
"04/19/2022","320.10","320.00","322.00","317.10","346.47K","0.09%"
"04/18/2022","319.80","323.10","323.10","319.10","98.05K","-1.02%"
"04/17/2022","323.10","320.60","325.00","320.00","37.83K","1.00%"
"04/13/2022","319.90","326.00","326.00","316.00","89.00K","0.25%"
"04/12/2022","319.10","321.60","322.20","318.70","98.97K","-0.93%"
"04/11/2022","322.10","324.90","324.90","321.40","61.50K","0.06%"
"04/10/2022","321.90","324.70","324.70","321.50","41.52K","0.12%"
"04/07/2022","321.50","320.40","323.70","318.50","69.27K","0.37%"
"04/06/2022","320.30","323.30","327.50","319.30","114.28K","-1.45%"
"04/05/2022","325.00","325.10","326.00","324.10","47.79K","0.03%"
"04/04/2022","324.90","329.90","329.90","324.10","84.04K","-1.16%"
"04/03/2022","328.70","328.90","329.90","328.50","34.40K","-0.06%"
"03/31/2022","328.90","329.70","330.00","327.50","58.87K","0.06%"
"03/30/2022","328.70","329.80","330.00","327.90","21.31K","0.18%"
"03/29/2022","328.10","330.90","331.00","327.10","74.71K","-0.85%"
"03/28/2022","330.90","329.90","331.60","328.30","103.01K","0.67%"
"03/27/2022","328.70","325.80","331.00","325.00","42.09K","0.95%"
"03/24/2022","325.60","325.10","329.00","324.10","62.95K","0.03%"
"03/23/2022","325.50","328.00","328.40","323.70","68.84K","0.25%"
"03/22/2022","324.70","327.00","327.00","323.30","141.56K","-0.09%"
"03/21/2022","325.00","326.20","326.90","322.10","49.62K","-0.34%"
"03/20/2022","326.10","326.00","329.40","325.30","35.11K","0.06%"
"03/16/2022","325.90","330.10","332.00","325.50","113.89K","-1.84%"
"03/15/2022","332.00","334.00","334.00","330.20","30.30K","0.61%"
"03/14/2022","330.00","329.90","342.80","327.20","120.15K","0.67%"
"03/13/2022","327.80","322.00","329.80","322.00","87.04K","1.74%"
"03/10/2022","322.20","324.00","326.90","318.00","119.58K","0.53%"
"03/09/2022","320.50","320.00","325.50","318.80","171.79K","1.30%"
"03/08/2022","316.40","320.20","320.20","315.00","192.18K","-0.38%"
"03/07/2022","317.60","327.90","327.90","317.20","167.37K","-1.70%"
"03/06/2022","323.10","333.00","333.00","322.00","150.06K","-1.73%"
"03/03/2022","328.80","338.70","338.70","327.50","201.80K","-1.88%"
"03/02/2022","335.10","340.50","340.50","333.40","130.68K","-1.53%"
"03/01/2022","340.30","340.00","341.60","340.00","68.70K","0.09%"
"02/28/2022","340.00","340.50","344.30","339.50","97.32K","-0.26%"
"02/27/2022","340.90","345.00","347.70","336.00","62.00K","-0.29%"
"02/24/2022","341.90","349.30","349.30","340.20","184.96K","-3.80%"
"02/22/2022","355.40","355.80","356.20","354.20","158.41K","0.23%"
"02/20/2022","354.60","358.80","358.80","352.30","106.82K","-0.62%"
"02/17/2022","356.80","357.00","358.00","354.60","120.94K","-0.25%"
"02/16/2022","357.70","357.00","358.00","356.20","112.18K","-0.06%"
"02/15/2022","357.90","358.00","359.50","357.00","152.37K","0.08%"
"02/14/2022","357.60","358.00","359.50","357.30","101.49K","-0.08%"
"02/13/2022","357.90","358.00","358.60","357.00","61.98K","-0.03%"
"02/10/2022","358.00","357.00","358.50","355.00","56.07K","0.03%"
"02/09/2022","357.90","359.50","359.50","356.50","53.83K","-0.08%"
"02/08/2022","358.20","357.40","358.50","355.80","87.08K","0.67%"
"02/07/2022","355.80","355.30","358.00","354.70","127.29K","-0.59%"
"02/06/2022","357.90","354.50","358.20","354.20","54.85K","0.76%"
"02/03/2022","355.20","356.90","356.90","354.50","54.94K","0.00%"
"02/02/2022","355.20","355.00","355.90","354.60","52.96K","0.17%"
"02/01/2022","354.60","356.90","356.90","354.10","29.76K","-0.37%"
"01/31/2022","355.90","356.20","356.70","353.00","45.04K","0.54%"
"01/30/2022","354.00","352.00","355.80","351.50","64.73K","0.74%"
"01/27/2022","351.40","351.40","355.00","350.00","168.17K","-1.13%"
"01/26/2022","355.40","356.00","358.00","354.60","47.11K","0.06%"
"01/25/2022","355.20","359.00","359.40","355.00","75.18K","-1.06%"
"01/24/2022","359.00","359.80","360.00","358.50","57.93K","0.06%"
"01/23/2022","358.80","356.20","359.30","355.00","57.88K","0.42%"
"01/20/2022","357.30","359.20","360.00","356.00","110.03K","-0.47%"
"01/19/2022","359.00","358.60","359.50","358.60","50.70K","0.11%"
"01/18/2022","358.60","360.00","360.00","358.10","46.29K","-0.25%"
"01/17/2022","359.50","360.00","360.00","358.10","52.26K","0.03%"
"01/16/2022","359.40","359.90","360.80","358.60","110.16K","0.03%"
"01/13/2022","359.30","357.10","360.40","357.00","144.82K","0.62%"
"01/12/2022","357.10","354.00","359.90","354.00","180.61K","1.05%"
"01/11/2022","353.40","350.00","355.90","350.00","120.84K","0.97%"
"01/10/2022","350.00","350.10","350.70","348.00","126.17K","0.49%"
"01/06/2022","348.30","346.50","350.00","345.20","168.72K","0.55%"
"01/05/2022","346.40","350.30","350.30","346.00","189.86K","-0.80%"
"01/04/2022","349.20","347.80","349.50","347.80","54.66K","0.40%"
"01/03/2022","347.80","350.60","353.00","346.10","153.23K","-0.51%"
"01/02/2022","349.60","350.00","350.90","349.10","34.53K","0.03%"
"12/30/2021","349.50","348.50","351.80","348.50","62.76K","0.32%"
"12/29/2021","348.40","350.00","351.40","348.00","51.66K","-0.46%"
"12/28/2021","350.00","349.20","351.00","349.20","55.77K","0.26%"
"12/27/2021","349.10","348.50","350.30","348.50","53.42K","-0.26%"
"12/26/2021","350.00","350.00","351.50","347.00","64.27K","-0.09%"
"12/23/2021","350.30","349.90","351.00","348.20","112.94K","0.11%"
"12/22/2021","349.90","351.90","352.00","349.00","82.18K","0.14%"
"12/21/2021","349.40","350.50","351.80","348.30","103.35K","0.03%"
"12/20/2021","349.30","353.20","353.20","346.60","173.88K","-1.10%"
"12/19/2021","353.20","352.80","354.40","352.70","69.64K","-0.56%"
"12/15/2021","355.20","357.30","357.40","354.00","81.87K","0.17%"
"12/14/2021","354.60","358.00","359.50","353.00","96.27K","-1.14%"
"12/13/2021","358.70","358.00","360.00","357.60","116.38K","-0.03%"
"12/12/2021","358.80","360.00","360.80","357.10","83.57K","-0.14%"
"12/09/2021","359.30","361.80","361.80","358.00","44.80K","-0.14%"
"12/08/2021","359.80","362.20","362.20","358.60","34.81K","-0.30%"
"12/07/2021","360.90","361.90","362.50","360.20","44.06K","0.06%"
"12/06/2021","360.70","362.80","363.00","360.00","43.59K","-0.36%"
"12/05/2021","362.00","360.70","362.20","358.50","36.76K","0.92%"
"12/02/2021","358.70","355.00","359.80","353.00","126.72K","0.82%"
"12/01/2021","355.80","359.00","359.00","351.50","95.51K","2.15%"
"11/30/2021","348.30","363.00","363.00","346.00","278.78K","-3.22%"
"11/29/2021","359.90","360.40","361.40","359.20","29.90K","-0.11%"
"11/28/2021","360.30","360.00","361.10","358.70","49.51K","-0.08%"
"11/25/2021","360.60","360.10","362.50","359.00","80.13K","0.08%"
"11/24/2021","360.30","359.60","362.40","359.20","62.91K","-0.22%"
"11/23/2021","361.10","359.00","362.50","359.00","44.46K","0.33%"
"11/22/2021","359.90","360.00","361.40","359.00","47.70K","0.03%"
"11/21/2021","359.80","360.50","364.70","358.50","44.54K","-0.22%"
"11/18/2021","360.60","362.00","363.00","359.50","41.60K","0.03%"
"11/17/2021","360.50","361.00","363.00","358.70","58.32K","-0.33%"
"11/16/2021","361.70","361.90","363.70","359.00","74.02K","0.67%"
"11/15/2021","359.30","360.20","362.40","358.80","82.85K","-0.25%"
"11/14/2021","360.20","361.90","363.70","359.00","26.23K","0.31%"
"11/11/2021","359.10","354.70","362.00","354.70","117.38K","1.13%"
"11/10/2021","355.10","356.00","356.80","354.00","55.14K","0.08%"
"11/09/2021","354.80","354.40","357.00","354.40","97.28K","-0.31%"
"11/08/2021","355.90","355.00","357.50","353.00","57.08K","0.23%"
"11/07/2021","355.10","355.80","356.10","355.00","38.82K","0.11%"
"11/04/2021","354.70","352.20","359.80","352.00","62.32K","0.37%"
"11/03/2021","353.40","356.60","356.60","353.10","43.12K","-0.90%"
"11/02/2021","356.60","364.00","364.00","354.10","126.53K","0.76%"
"11/01/2021","353.90","359.00","359.90","350.20","149.12K","-1.28%"
"10/31/2021","358.50","358.00","361.10","357.00","131.29K","0.93%"
"10/28/2021","355.20","353.90","359.00","353.70","109.01K","0.42%"
"10/27/2021","353.70","356.00","356.00","349.60","223.00K","0.63%"
"10/26/2021","351.50","357.00","357.00","347.00","228.38K","-1.65%"
"10/25/2021","357.40","360.00","360.90","356.00","156.75K","-0.72%"
"10/24/2021","360.00","363.80","364.00","359.00","85.79K","-1.50%"
"10/21/2021","365.50","362.10","366.90","361.00","67.92K","1.05%"
"10/19/2021","361.70","359.20","368.70","359.20","171.32K","-0.50%"
"10/18/2021","363.50","369.00","369.20","361.00","232.73K","-1.38%"
"10/17/2021","368.60","367.10","370.30","365.00","117.70K","0.46%"
"10/14/2021","366.90","368.00","370.00","365.20","124.32K","0.19%"
"10/13/2021","366.20","368.30","370.00","366.10","202.28K","-0.57%"
"10/12/2021","368.30","370.10","370.30","367.90","349.89K","-0.59%"
"10/11/2021","370.50","372.40","373.00","370.00","186.43K","-0.48%"
"10/10/2021","372.30","372.10","374.00","372.10","105.10K","-0.32%"
"10/07/2021","373.50","376.80","376.80","369.10","314.34K","-0.37%"
"10/06/2021","374.90","384.80","384.80","373.60","237.75K","-1.08%"
"10/05/2021","379.00","378.20","380.00","376.10","219.39K","0.24%"
"10/04/2021","378.10","380.00","380.10","376.10","362.43K","0.05%"
"10/03/2021","377.90","380.20","381.90","377.00","187.07K","-0.60%"
"09/30/2021","380.20","380.60","383.50","379.00","271.98K","-0.11%"
"09/29/2021","380.60","381.20","384.00","379.00","218.54K","-0.31%"
"09/28/2021","381.80","384.90","384.90","381.10","171.42K","-0.31%"
"09/27/2021","383.00","379.20","384.00","379.20","232.44K","0.55%"
"09/26/2021","380.90","381.00","382.00","379.00","168.62K","-0.13%"
"09/23/2021","381.40","383.90","383.90","380.00","130.06K","-0.50%"
"09/22/2021","383.30","383.60","385.00","382.00","171.75K","-0.10%"
"09/21/2021","383.70","381.00","385.00","378.10","239.71K","0.87%"
"09/20/2021","380.40","380.00","383.00","378.00","252.86K","-0.42%"
"09/19/2021","382.00","384.90","385.00","381.10","68.81K","-0.65%"
"09/16/2021","384.50","379.20","385.30","377.60","276.30K","1.40%"
"09/15/2021","379.20","379.00","379.90","374.10","336.43K","-0.13%"
"09/14/2021","379.70","385.20","386.20","378.50","398.39K","-1.68%"
"09/13/2021","386.20","389.70","389.70","380.00","189.14K","-0.41%"
"09/12/2021","387.80","386.00","396.80","386.00","402.92K","0.34%"
"09/09/2021","386.50","384.30","388.90","376.00","262.81K","0.57%"
"09/08/2021","384.30","381.00","387.90","379.40","394.38K","1.00%"
"09/07/2021","380.50","372.50","383.00","372.30","432.29K","2.15%"
"09/06/2021","372.50","369.90","373.20","368.80","308.54K","1.44%"
"09/05/2021","367.20","363.30","368.40","363.30","279.79K","1.35%"
"09/02/2021","362.30","362.50","365.00","362.00","172.02K","0.06%"
"09/01/2021","362.10","364.90","366.00","361.80","104.74K","-0.14%"
"08/31/2021","362.60","360.50","366.00","360.00","311.72K","0.58%"
"08/29/2021","360.50","367.00","367.00","360.00","119.44K","-1.21%"
"08/26/2021","364.90","365.10","368.00","364.00","146.66K","-0.71%"
"08/25/2021","367.50","369.90","370.00","367.00","66.41K","-0.49%"
"08/24/2021","369.30","365.00","369.70","364.00","105.93K","0.96%"
"08/23/2021","365.80","364.00","366.50","362.50","93.81K","0.52%"
"08/22/2021","363.90","362.90","365.70","358.20","276.24K","1.25%"
"08/19/2021","359.40","359.80","364.00","358.30","110.80K","-0.08%"
"08/18/2021","359.70","359.20","361.00","359.20","85.87K","0.17%"
"08/17/2021","359.10","361.00","362.90","358.30","132.73K","-0.47%"
"08/16/2021","360.80","365.90","365.90","359.10","155.55K","-0.61%"
"08/12/2021","363.00","366.00","366.00","360.50","160.10K","-0.82%"
"08/11/2021","366.00","360.00","369.00","356.20","459.65K","1.41%"
"08/10/2021","360.90","361.00","361.00","360.10","355.02K","-2.35%"
"08/05/2021","369.60","368.00","371.70","366.20","511.43K","0.35%"
"08/03/2021","368.30","372.00","372.00","365.20","279.56K","-0.65%"
"08/02/2021","370.70","380.00","380.00","369.50","490.93K","-2.27%"
"07/29/2021","379.30","375.00","380.00","372.30","329.62K","1.25%"
"07/28/2021","374.60","365.00","375.80","365.00","275.17K","1.46%"
"07/27/2021","369.20","369.50","371.00","365.00","174.15K","0.74%"
"07/26/2021","366.50","363.50","367.40","363.00","241.60K","0.77%"
"07/25/2021","363.70","365.00","365.10","361.00","125.31K","-0.55%"
"07/19/2021","365.70","364.00","366.40","362.50","214.73K","1.05%"
"07/18/2021","361.90","358.00","362.90","356.50","221.46K","1.49%"
"07/15/2021","356.60","359.00","359.00","355.00","166.42K","0.39%"
"07/14/2021","355.20","358.20","360.00","353.20","105.68K","-0.84%"
"07/13/2021","358.20","357.40","362.00","355.40","271.46K","0.79%"
"07/12/2021","355.40","356.50","357.50","353.00","261.96K","1.02%"
"07/08/2021","351.80","350.00","352.90","349.10","157.91K","0.66%"
"07/07/2021","349.50","347.70","350.80","346.80","160.10K","0.46%"
"07/06/2021","347.90","348.40","350.30","346.30","115.50K","-0.14%"
"07/05/2021","348.40","349.40","349.90","346.00","128.81K","-0.29%"
"07/04/2021","349.40","349.40","352.00","346.50","203.24K","0.00%"
"06/30/2021","349.40","346.90","352.00","346.50","203.24K","0.55%"
"06/29/2021","347.50","346.20","349.00","345.00","118.23K","0.35%"
"06/28/2021","346.30","345.00","347.50","344.30","62.23K","0.12%"
"06/27/2021","345.90","344.00","347.70","344.00","172.79K","-0.09%"
"06/24/2021","346.20","346.20","348.00","344.30","145.68K","-0.20%"
"06/23/2021","346.90","345.20","348.00","345.00","98.06K","0.49%"
"06/22/2021","345.20","344.90","347.00","343.40","203.24K","0.61%"
"06/21/2021","343.10","344.00","345.60","342.70","202.38K","-0.06%"
"06/20/2021","343.30","344.10","345.80","343.00","132.41K","-0.23%"
"06/17/2021","344.10","343.60","347.00","343.60","37.87K","0.26%"
"06/16/2021","343.20","348.00","348.10","342.30","136.65K","-0.26%"
"06/15/2021","344.10","347.40","349.00","343.20","193.90K","-0.95%"
"06/14/2021","347.40","352.80","352.80","346.90","109.74K","-1.47%"
"06/13/2021","352.60","351.00","353.40","348.10","122.60K","0.00%"
"06/10/2021","352.60","347.10","353.00","346.00","250.07K","1.03%"
"06/09/2021","349.00","346.90","349.70","346.90","178.53K","0.61%"
"06/08/2021","346.90","345.00","348.00","343.30","88.20K","0.06%"
"06/07/2021","346.70","349.50","350.70","346.10","132.85K","-1.03%"
"06/06/2021","350.30","351.90","352.40","348.00","115.94K","-0.62%"
"06/03/2021","352.50","346.90","355.00","345.40","256.14K","1.64%"
"06/02/2021","346.80","346.50","347.40","343.40","64.89K","0.12%"
"06/01/2021","346.40","346.30","347.50","346.10","194.62K","0.03%"
"05/31/2021","346.30","345.50","347.00","343.30","185.76K","0.38%"
"05/30/2021","345.00","348.40","348.40","344.00","125.15K","-0.49%"
"05/27/2021","346.70","344.80","349.00","340.10","194.85K","1.64%"
"05/25/2021","341.10","341.10","345.00","340.10","97.01K","-0.58%"
"05/24/2021","343.10","340.50","344.80","339.20","159.43K","0.91%"
"05/23/2021","340.00","342.90","343.00","337.80","69.71K","0.27%"
"05/20/2021","339.10","343.00","343.00","338.00","212.28K","-1.02%"
"05/19/2021","342.60","344.10","345.80","341.60","274.38K","-0.41%"
"05/18/2021","344.00","342.20","345.00","342.20","102.15K","-0.06%"
"05/17/2021","344.20","344.50","344.90","341.20","184.77K","0.23%"
"05/16/2021","343.40","346.60","346.90","341.10","124.77K","-0.92%"
"05/12/2021","346.60","346.20","348.40","343.10","141.76K","0.12%"
"05/11/2021","346.20","340.00","349.00","339.00","316.25K","2.21%"
"05/09/2021","338.70","335.00","339.90","333.30","84.44K","1.65%"
"05/06/2021","333.20","335.00","337.00","332.00","334.96K","-0.45%"
"05/05/2021","334.70","337.00","340.00","334.20","260.50K","-0.68%"
"05/04/2021","337.00","339.50","340.00","336.00","140.82K","-0.74%"
"05/03/2021","339.50","342.00","342.00","338.80","112.32K","-0.44%"
"05/02/2021","341.00","341.00","343.00","338.00","52.94K","0.59%"
"04/29/2021","339.00","341.00","341.00","338.40","105.50K","-0.24%"
"04/28/2021","339.80","338.80","341.00","335.00","81.47K","0.30%"
"04/27/2021","338.80","340.00","340.40","337.00","106.91K","-0.41%"
"04/26/2021","340.20","339.00","341.00","338.50","66.06K","0.29%"
"04/25/2021","339.20","337.30","341.00","337.30","70.55K","0.65%"
"04/22/2021","337.00","337.10","340.20","336.50","79.58K","0.03%"
"04/21/2021","336.90","340.20","340.30","336.30","103.76K","-0.74%"
"04/20/2021","339.40","336.30","341.90","336.10","156.71K","-1.31%"
"04/19/2021","343.90","341.90","345.00","340.20","62.41K","0.56%"
"04/18/2021","342.00","343.90","343.90","336.10","63.44K","1.12%"
"04/15/2021","338.20","342.00","342.00","335.00","34.37K","0.93%"
"04/13/2021","335.10","330.00","337.00","327.40","68.06K","1.21%"
"04/12/2021","331.10","330.00","332.10","328.20","70.09K","1.32%"
"04/11/2021","326.80","328.00","330.00","325.40","98.09K","-2.04%"
"04/08/2021","333.60","325.00","339.00","325.00","56.89K","-0.48%"
"04/07/2021","335.20","336.50","337.20","334.20","67.04K","1.15%"
"04/06/2021","331.40","322.00","332.00","322.00","66.43K","3.66%"
"04/05/2021","319.70","319.10","324.00","318.00","187.41K","0.19%"
"04/04/2021","319.10","320.00","321.90","315.10","273.11K","-1.97%"
"04/01/2021","325.50","330.00","330.00","323.10","172.69K","-0.91%"
"03/31/2021","328.50","334.50","335.60","328.00","363.65K","-2.38%"
"03/29/2021","336.50","340.00","340.00","336.00","133.10K","-0.36%"
"03/28/2021","337.70","338.00","339.00","335.00","87.70K","0.00%"
"03/25/2021","337.70","341.90","342.30","336.00","120.58K","-0.56%"
"03/24/2021","339.60","344.00","344.00","338.30","153.43K","-0.64%"
"03/23/2021","341.80","341.70","344.60","340.00","80.14K","0.03%"
"03/22/2021","341.70","339.00","342.30","338.00","116.12K","0.65%"
"03/21/2021","339.50","342.00","344.00","337.80","317.65K","-1.34%"
"03/18/2021","344.10","344.80","348.00","342.40","143.00K","-0.41%"
"03/16/2021","345.50","346.00","349.20","343.10","84.98K","-0.37%"
"03/15/2021","346.80","347.00","351.90","346.00","96.32K","-0.60%"
"03/14/2021","348.90","346.70","350.00","346.60","123.26K","0.66%"
"03/11/2021","346.60","345.60","348.50","345.00","105.03K","0.29%"
"03/10/2021","345.60","352.00","352.00","344.90","203.26K","-1.09%"
"03/09/2021","349.40","355.00","359.00","348.00","393.05K","-0.82%"
"03/08/2021","352.30","343.80","354.50","342.00","505.24K","2.47%"
"03/07/2021","343.80","340.30","344.00","340.30","107.62K","1.03%"
"03/04/2021","340.30","344.10","344.10","338.50","105.92K","-0.23%"
"03/03/2021","341.10","341.50","345.00","340.10","87.09K","0.12%"
"03/02/2021","340.70","341.00","342.50","339.00","181.93K","1.19%"
"03/01/2021","336.70","342.50","342.50","336.00","244.83K","-0.47%"
"02/28/2021","338.30","339.20","342.90","336.50","116.99K","-0.15%"
"02/25/2021","338.80","345.70","345.70","338.00","265.95K","-0.82%"
"02/24/2021","341.60","341.00","345.20","339.50","167.47K","0.29%"
"02/23/2021","340.60","349.00","350.00","338.00","229.59K","-0.87%"
"02/22/2021","343.60","359.70","359.70","342.90","246.62K","-3.07%"
"02/18/2021","354.50","360.00","362.00","353.50","313.02K","-4.60%"
"02/16/2021","371.60","377.90","379.00","370.50","341.98K","-0.91%"
"02/15/2021","375.00","374.00","379.00","370.10","267.27K","0.91%"
"02/14/2021","371.60","373.00","373.80","368.00","188.43K","-0.32%"
"02/11/2021","372.80","375.10","379.80","371.00","256.15K","-1.61%"
"02/10/2021","378.90","377.70","383.10","375.50","318.50K","0.96%"
"02/09/2021","375.30","367.70","376.80","367.70","244.95K","2.07%"
"02/08/2021","367.70","376.80","378.00","365.00","239.81K","-2.98%"
"02/07/2021","379.00","385.00","385.00","378.50","198.65K","-1.10%"
"02/04/2021","383.20","379.90","384.00","377.10","506.63K","1.81%"
"02/03/2021","376.40","369.70","379.00","369.10","222.46K","1.92%"
"02/02/2021","369.30","370.10","372.00","368.60","151.45K","-0.27%"
"02/01/2021","370.30","371.00","373.00","368.00","132.60K","-0.43%"
"01/31/2021","371.90","380.00","384.00","370.00","161.36K","-1.35%"
"01/28/2021","377.00","384.40","384.40","374.00","354.91K","0.94%"
"01/27/2021","373.50","365.20","375.00","365.20","164.38K","1.74%"
"01/26/2021","367.10","368.00","369.70","364.70","172.94K","-0.81%"
"01/25/2021","370.10","372.20","372.20","367.10","197.14K","-0.70%"
"01/24/2021","372.70","375.00","375.00","371.00","131.39K","-0.13%"
"01/21/2021","373.20","377.00","377.20","372.50","147.32K","-0.72%"
"01/20/2021","375.90","379.90","383.00","374.00","318.80K","-1.88%"
"01/19/2021","383.10","384.20","385.00","381.00","179.96K","-0.26%"
"01/18/2021","384.10","377.00","391.00","376.30","641.21K","2.10%"
"01/17/2021","376.20","375.40","379.70","370.00","431.77K","0.62%"
"01/14/2021","373.90","370.00","379.70","370.00","279.07K","1.55%"
"01/13/2021","368.20","374.50","375.80","365.00","357.09K","-1.58%"
"01/12/2021","374.10","370.10","377.00","370.10","241.59K","1.08%"
"01/11/2021","370.10","373.60","375.20","367.00","293.95K","-0.59%"
"01/10/2021","372.30","366.30","374.00","365.00","131.53K","1.67%"
"01/07/2021","366.20","376.00","376.00","366.00","288.82K","-1.35%"
"01/06/2021","371.20","376.00","379.60","366.00","456.97K","-1.38%"
"01/05/2021","376.40","370.60","388.00","367.50","438.32K","1.57%"
"01/04/2021","370.60","360.10","376.00","360.10","463.51K","3.40%"
"01/03/2021","358.40","348.00","365.00","344.00","436.62K","3.26%"
"12/30/2020","347.10","349.90","349.90","346.00","265.17K","-0.74%"
"12/29/2020","349.70","353.00","353.50","348.00","251.45K","-1.13%"
"12/28/2020","353.70","350.50","355.10","347.00","479.78K","1.06%"
"12/27/2020","350.00","344.00","351.90","342.00","280.69K","2.61%"
"12/24/2020","341.10","337.50","343.90","337.20","262.22K","1.16%"
"12/23/2020","337.20","337.60","340.00","333.00","155.60K","-0.09%"
"12/22/2020","337.50","341.40","341.40","336.50","85.28K","-1.14%"
"12/21/2020","341.40","341.10","344.90","336.00","244.97K","0.38%"
"12/20/2020","340.10","348.50","348.50","338.00","132.30K","-1.71%"
"12/17/2020","346.00","356.70","356.70","345.10","371.48K","-3.03%"
"12/15/2020","356.80","351.00","357.90","349.00","398.77K","1.88%"
"12/14/2020","350.20","346.00","352.00","344.60","415.99K","1.36%"
"12/13/2020","345.50","343.00","349.10","342.00","210.60K","1.17%"
"12/10/2020","341.50","334.90","342.00","334.90","322.21K","1.97%"
"12/09/2020","334.90","334.10","335.30","332.00","186.68K","0.24%"
"12/08/2020","334.10","327.80","334.90","327.80","251.00K","1.61%"
"12/07/2020","328.80","325.10","330.00","325.00","164.68K","0.83%"
"12/06/2020","326.10","320.10","327.90","319.60","129.76K","2.10%"
"12/03/2020","319.40","318.00","320.00","318.00","223.88K","0.44%"
"12/02/2020","318.00","320.10","320.10","317.10","134.20K","-0.63%"
"12/01/2020","320.00","321.00","321.00","319.50","126.73K","0.28%"
"11/30/2020","319.10","318.20","321.50","318.00","117.66K","-0.75%"
"11/29/2020","321.50","319.20","322.50","318.00","27.11K","0.72%"
"11/26/2020","319.20","319.00","325.80","314.60","316.66K","-0.50%"
"11/25/2020","320.80","324.70","324.70","319.00","62.64K","0.82%"
"11/24/2020","318.20","322.00","322.00","317.50","225.01K","-0.78%"
"11/23/2020","320.70","323.10","325.00","316.00","182.56K","-1.41%"
"11/22/2020","325.30","327.00","327.00","325.00","152.14K","-0.46%"
"11/19/2020","326.80","328.80","328.80","325.90","342.85K","-0.61%"
"11/18/2020","328.80","329.70","332.00","327.90","169.26K","-0.27%"
"11/17/2020","329.70","329.00","331.00","327.90","146.02K","0.03%"
"11/16/2020","329.60","330.00","331.00","328.50","100.54K","0.12%"
"11/15/2020","329.20","330.20","332.00","328.70","92.44K","-0.30%"
"11/12/2020","330.20","332.50","332.80","329.00","130.28K","-1.37%"
"11/11/2020","334.80","332.00","336.40","330.20","125.73K","0.69%"
"11/10/2020","332.50","333.00","334.00","330.00","97.49K","-0.69%"
"11/09/2020","334.80","336.30","337.20","332.00","87.03K","-0.71%"
"11/08/2020","337.20","336.20","339.90","335.00","150.40K","0.33%"
"11/05/2020","336.10","328.30","337.50","328.30","164.17K","2.25%"
"11/04/2020","328.70","329.00","331.00","328.00","157.03K","0.03%"
"11/03/2020","328.60","330.00","330.30","328.60","84.40K","-0.09%"
"11/02/2020","328.90","329.00","330.20","328.20","62.83K","-0.09%"
"11/01/2020","329.20","329.70","331.00","327.90","82.54K","-0.15%"
"10/29/2020","329.70","329.50","331.80","329.00","79.47K","-0.09%"
"10/28/2020","330.00","330.10","331.00","329.00","485.67K","-0.66%"
"10/27/2020","332.20","332.20","333.20","330.60","135.63K","0.06%"
"10/25/2020","332.00","328.90","333.40","328.90","180.87K","0.61%"
"10/22/2020","330.00","331.30","331.30","329.50","152.73K","-0.39%"
"10/21/2020","331.30","331.90","333.60","330.40","190.84K","-0.18%"
"10/20/2020","331.90","336.00","338.90","331.30","137.88K","-1.19%"
"10/19/2020","335.90","336.00","341.60","335.30","174.04K","0.27%"
"10/18/2020","335.00","342.00","344.50","333.60","126.63K","-1.79%"
"10/15/2020","341.10","335.00","342.50","332.30","281.54K","2.10%"
"10/14/2020","334.10","333.00","336.20","331.10","97.17K","0.27%"
"10/13/2020","333.20","332.00","337.00","329.50","132.83K","0.73%"
"10/12/2020","330.80","330.90","331.80","325.70","236.68K","0.55%"
"10/11/2020","329.00","327.30","330.50","325.80","227.17K","0.21%"
"10/08/2020","328.30","326.10","331.50","325.00","167.26K","0.43%"
"10/07/2020","326.90","328.80","328.80","325.40","95.93K","0.09%"
"10/06/2020","326.60","328.80","330.00","326.10","198.42K","-0.67%"
"10/05/2020","328.80","330.00","332.00","328.50","177.62K","-0.39%"
"10/04/2020","330.10","331.70","332.90","328.50","131.69K","-0.27%"
"10/01/2020","331.00","329.00","332.90","327.50","155.11K","0.30%"
"09/30/2020","330.00","331.90","331.90","329.70","112.12K","-0.57%"
"09/29/2020","331.90","330.20","333.40","330.00","135.26K","0.30%"
"09/28/2020","330.90","330.60","333.50","330.00","159.61K","0.09%"
"09/27/2020","330.60","336.00","336.80","329.40","184.44K","-1.37%"
"09/24/2020","335.20","337.80","337.80","331.50","199.34K","-0.42%"
"09/23/2020","336.60","329.00","337.60","327.30","226.37K","2.15%"
"09/22/2020","329.50","333.00","333.00","327.00","268.87K","-0.66%"
"09/21/2020","331.70","337.00","339.00","327.70","355.18K","-1.49%"
"09/20/2020","336.70","341.00","341.00","335.70","485.62K","-1.20%"
"09/17/2020","340.80","340.70","344.80","340.00","341.12K","0.03%"
"09/16/2020","340.70","345.00","347.90","340.00","301.92K","-1.50%"
"09/15/2020","345.90","350.60","350.60","344.00","265.64K","-1.20%"
"09/14/2020","350.10","354.00","354.70","346.30","283.89K","-0.77%"
"09/13/2020","352.80","347.60","353.80","347.60","298.43K","1.50%"
"09/10/2020","347.60","344.90","348.90","339.90","464.77K","1.28%"
"09/09/2020","343.20","339.00","346.00","337.00","417.33K","2.05%"
"09/08/2020","336.30","326.90","344.00","326.90","610.78K","3.22%"
"09/07/2020","325.80","320.60","328.00","320.60","348.36K","1.15%"
"09/06/2020","322.10","323.00","323.90","320.70","300.00K","-0.25%"
"09/03/2020","322.90","322.00","324.30","319.00","568.82K","0.56%"
"09/02/2020","321.10","322.00","323.40","316.00","506.74K","0.31%"
"09/01/2020","320.10","320.40","325.10","316.00","640.52K","0.53%"
"08/31/2020","318.40","315.00","320.60","312.70","648.17K","1.11%"
"08/27/2020","314.90","317.00","318.70","314.20","710.84K","-0.19%"
"08/26/2020","315.50","315.00","318.70","312.90","576.10K","0.96%"
"08/25/2020","312.50","301.70","314.50","299.50","783.57K","4.34%"
"08/24/2020","299.50","295.00","302.50","293.00","754.99K","1.87%"
"08/23/2020","294.00","287.00","298.00","287.00","544.98K","2.76%"
"08/20/2020","286.10","285.00","290.00","284.20","264.52K","0.14%"
"08/19/2020","285.70","286.90","292.00","284.60","272.88K","0.67%"
"08/18/2020","283.80","288.00","288.00","278.00","697.64K","-1.18%"
"08/17/2020","287.20","292.40","293.40","286.00","700.50K","-1.54%"
"08/16/2020","291.70","294.00","294.00","286.00","528.69K","0.59%"
"08/13/2020","290.00","290.00","298.00","288.00","657.91K","0.59%"
"08/12/2020","288.30","139.10","289.00","277.00","747.12K","3.97%"
"08/10/2020","277.30","271.50","278.70","264.10","1.03M","2.29%"
"08/09/2020","271.10","255.00","276.00","254.20","720.34K","6.65%"
"08/06/2020","254.20","258.00","258.00","253.00","848.58K","-3.53%"
"08/04/2020","263.50","264.80","267.90","263.00","608.06K","0.00%"
"08/03/2020","263.50","259.00","264.70","258.60","428.42K","1.93%"
"07/30/2020","258.50","255.00","259.90","254.40","560.36K","1.61%"
"07/29/2020","254.40","255.00","256.00","253.20","349.24K","0.08%"
"07/28/2020","254.20","255.00","256.50","253.10","382.74K","-0.27%"
"07/27/2020","254.90","259.90","261.90","252.30","452.45K","-1.24%"
"07/26/2020","258.10","251.00","258.90","251.00","659.71K","2.91%"
"07/23/2020","250.80","246.10","252.00","246.10","699.77K","1.66%"
"07/22/2020","246.70","246.50","247.40","245.70","439.05K","0.08%"
"07/21/2020","246.50","245.90","248.80","245.30","254.70K","0.24%"
"07/20/2020","245.90","244.50","247.50","243.50","504.17K","0.74%"
"07/19/2020","244.10","243.00","245.00","241.40","262.67K","0.91%"
"07/16/2020","241.90","248.00","248.00","241.30","350.60K","-0.08%"
"07/15/2020","242.10","243.00","245.00","240.80","566.39K","1.25%"
"07/14/2020","239.10","240.60","240.60","238.90","218.18K","-0.33%"
"07/13/2020","239.90","244.20","245.00","239.50","348.47K","-1.76%"
"07/12/2020","244.20","241.00","245.00","241.00","322.22K","1.83%"
"07/09/2020","239.80","238.80","244.00","238.80","1.22M","0.42%"
"07/08/2020","238.80","238.80","238.80","238.80","27.66K","0.00%"
"07/07/2020","238.80","238.80","238.80","238.80","23.99K","0.00%"
"07/06/2020","238.80","238.80","238.80","238.80","21.15K","0.00%"
"07/05/2020","238.80","238.80","238.80","238.80","24.41K","0.00%"
"07/02/2020","238.80","238.80","238.80","238.80","17.04K","0.00%"
"06/30/2020","238.80","238.80","238.80","238.80","56.08K","0.00%"
"06/29/2020","238.80","238.80","238.80","238.80","52.61K","0.00%"
"06/28/2020","238.80","238.80","238.80","238.80","31.82K","0.00%"
"06/25/2020","238.80","238.80","238.80","238.80","46.26K","0.00%"
"06/24/2020","238.80","238.80","238.80","238.80","28.86K","0.00%"
"06/23/2020","238.80","238.80","238.80","238.80","25.08K","0.00%"
"06/22/2020","238.80","238.80","238.80","238.80","18.08K","0.00%"
"06/21/2020","238.80","238.80","238.80","238.80","39.27K","0.00%"
"06/18/2020","238.80","238.80","238.80","238.80","17.23K","0.00%"
"06/17/2020","238.80","238.80","238.80","238.80","22.87K","0.00%"
"06/16/2020","238.80","238.80","238.80","238.80","20.35K","0.00%"
"06/15/2020","238.80","238.80","238.80","238.80","57.62K","0.00%"
"06/14/2020","238.80","238.80","238.80","238.80","62.38K","0.00%"
"06/11/2020","238.80","238.80","239.00","238.80","71.01K","0.00%"
"06/10/2020","238.80","238.80","238.80","238.80","69.30K","0.00%"
"06/09/2020","238.80","238.80","238.80","238.80","62.64K","0.00%"
"06/08/2020","238.80","238.80","240.00","238.80","159.81K","-0.04%"
"06/07/2020","238.90","239.00","240.80","238.80","319.58K","-0.04%"
"06/04/2020","239.00","238.90","241.00","238.80","197.81K","0.04%"
"06/03/2020","238.90","240.00","242.30","238.80","284.61K","-0.46%"
"06/02/2020","240.00","244.50","248.00","238.80","427.77K","-1.44%"
"06/01/2020","243.50","258.50","263.00","242.30","381.98K","-4.85%"
"05/31/2020","255.90","239.10","258.80","238.80","260.30K","7.16%"
"03/29/2020","238.80","238.80","238.80","238.80","62.01K","0.00%"
"03/25/2020","238.80","238.80","238.80","238.80","62.01K","0.00%"
"03/24/2020","238.80","238.80","238.80","238.80","16.38K","0.00%"
"03/23/2020","238.80","238.80","238.80","238.80","154.60K","0.00%"
"03/22/2020","238.80","239.00","239.00","238.80","65.67K","1.40%"
"03/19/2020","235.50","235.50","235.50","235.50","14.12K","7.29%"
"03/18/2020","219.50","233.20","236.80","211.00","843.72K","-4.48%"
"03/16/2020","229.80","242.80","244.00","229.00","325.97K","-4.73%"
"03/15/2020","241.20","248.00","250.00","228.00","429.34K","-2.74%"
"03/12/2020","248.00","258.50","260.00","247.00","424.19K","-2.94%"
"03/11/2020","255.50","255.00","258.40","252.90","292.10K","0.87%"
"03/10/2020","253.30","252.00","259.50","252.00","258.43K","1.28%"
"03/09/2020","250.10","262.10","262.10","249.10","535.51K","-5.87%"
"03/08/2020","265.70","263.50","269.80","258.00","202.39K","0.72%"
"03/05/2020","263.80","270.00","270.00","262.70","195.22K","-2.26%"
"03/04/2020","269.90","271.00","273.30","268.00","232.84K","0.52%"
"03/03/2020","268.50","273.90","274.90","268.00","342.39K","-1.07%"
"03/02/2020","271.40","273.00","274.80","270.00","388.92K","0.33%"
"03/01/2020","270.50","277.40","277.50","268.10","162.06K","-1.42%"
"02/27/2020","274.40","288.10","288.20","271.20","403.07K","-4.76%"
"02/26/2020","288.10","292.40","296.50","282.70","579.11K","-1.47%"
"02/25/2020","292.40","292.00","299.90","283.00","624.68K","-2.01%"
"02/24/2020","298.40","319.80","323.90","296.00","743.71K","-6.63%"
"02/23/2020","319.60","321.00","321.40","310.00","1.47M","8.12%"
"02/20/2020","295.60","280.00","308.00","270.00","1.35M","3.76%"
"02/19/2020","284.90","266.80","287.60","265.30","666.21K","7.71%"
"02/18/2020","264.50","261.00","275.00","260.00","610.23K","0.95%"
"02/16/2020","262.00","261.40","263.00","257.60","359.04K","1.24%"
"02/13/2020","258.80","259.00","261.50","257.50","202.36K","0.15%"
"02/12/2020","258.40","261.90","262.00","257.10","292.39K","-0.96%"
"02/11/2020","260.90","260.00","264.00","259.20","210.99K","1.83%"
"02/10/2020","256.20","261.90","262.00","255.00","233.47K","-0.89%"
"02/09/2020","258.50","260.70","264.00","257.10","89.31K","-0.84%"
"02/06/2020","260.70","263.00","263.00","256.90","224.49K","-0.80%"
"02/05/2020","262.80","265.20","268.00","261.50","237.86K","-2.01%"
"02/04/2020","268.20","273.00","277.00","267.00","382.70K","-1.65%"
"02/03/2020","272.70","258.50","274.70","258.00","574.06K","5.86%"
"02/02/2020","257.60","258.00","261.00","255.50","386.01K","-0.08%"
"01/30/2020","257.80","262.90","262.90","256.00","243.54K","-1.26%"
"01/29/2020","261.10","269.70","269.70","259.20","319.49K","-1.99%"
"01/28/2020","266.40","272.40","272.40","261.00","615.13K","-1.84%"
"01/27/2020","271.40","273.00","280.00","269.30","210.44K","1.50%"
"01/26/2020","267.40","274.00","279.00","264.00","275.23K","-1.69%"
"01/23/2020","272.00","270.50","274.00","264.50","266.71K","1.00%"
"01/22/2020","269.30","272.80","277.70","266.50","200.40K","-1.28%"
"01/21/2020","272.80","279.90","280.20","265.00","584.39K","-2.08%"
"01/20/2020","278.60","265.30","286.20","264.30","883.01K","5.81%"
"01/19/2020","263.30","244.20","263.30","244.20","357.95K","8.71%"
"01/16/2020","242.20","231.50","248.80","231.00","375.66K","4.67%"
"01/15/2020","231.40","234.30","242.00","229.00","121.17K","-1.20%"
"01/14/2020","234.20","240.00","241.00","230.30","195.97K","-2.90%"
"01/13/2020","241.20","253.00","253.00","240.00","211.20K","-4.66%"
"01/12/2020","253.00","250.80","254.00","250.80","52.26K","0.88%"
"01/09/2020","250.80","254.20","261.90","250.20","334.19K","-3.43%"
"01/08/2020","259.70","274.70","275.00","255.30","100.46K","-4.52%"
"01/07/2020","272.00","275.00","278.00","271.00","57.35K","-1.09%"
"01/06/2020","275.00","285.80","285.80","271.40","132.68K","-2.62%"
"01/05/2020","282.40","283.50","285.00","281.80","29.55K","-0.18%"
"01/02/2020","282.90","281.80","290.00","281.10","254.25K","0.53%"
"01/01/2020","281.40","280.00","287.00","280.00","66.79K","-1.54%"